"/P_det/data_x","/P_det/data_y","/P_trace/data_x","/P_trace/data_y"
3.785706043,4.027136699e-05,3.785763025,1.08022096,
4.045835018,1.03694951e-05,4.045909166,0.8723428469,
4.235743046,4.406508635e-06,4.235686064,0.6887264227,
4.429498196,8.000485983e-07,4.429470062,0.4085453578,
4.611675024,5.182299463e-07,4.611616135,0.407723682,
4.820008039,5.17624115e-07,4.819905996,0.3746189624,
5.020506144,5.834735872e-07,5.020428181,0.3609726901,
5.203197002,2.551939555e-09,5.203131199,0.05503724714,
5.403062105,1.340440519e-09,5.402998209,0.03080976008,
5.603543043,7.591640426e-10,5.603441,0.02050082978,
5.808108091,5.180449374e-10,5.808049202,0.01581596605,
6.013212204,3.250448634e-10,6.013152122,0.01256453136,
6.213186026,2.330409744e-10,6.213132143,0.01044643543,
6.444695234,1.712849396e-10,6.444619179,0.009139713776,
6.613411188,1.280129931e-10,6.613323212,0.007827787865,
6.821171999,9.197731102e-11,6.821093082,0.006629002101,
7.019231081,7.127118381e-11,7.019174099,0.005647239093,
7.222831011,5.610121539e-11,7.222775221,0.004845116059,
7.415575027,4.519277041e-11,7.415517092,0.004238369454,
7.609643221,3.693720801e-11,7.6095891,0.003745486841,
7.809387207,3.187945277e-11,7.809311152,0.003361352634,
8.03471303,1.554620038e-11,8.034771204,0.002041520303,
8.239535093,9.232369971e-12,8.239478111,0.001545654781,
8.440193176,6.198195742e-12,8.440107107,0.001284266368,
8.642980099,4.609561785e-12,8.642859221,0.001120601079,
8.858739138,3.502911059e-12,8.858672142,0.0009956321522,
9.037860155,3.007948294e-12,9.037806034,0.0009250553137,
9.242245197,1.163355182e-09,9.242190123,0.044689701,
9.43626523,2.112621834e-09,9.436205149,0.09138898935,
9.661040068,2.904890304e-09,9.660923004,0.1366180946,
9.835513115,3.742165924e-09,9.835409164,0.1789602503,
10.0366931,3.711134136e-09,10.03657317,0.1940008762,
10.23404002,3.653022813e-09,10.233989,0.2147337776,
10.4350872,3.921003567e-09,10.43497801,0.2599154644,
10.63972521,4.084812525e-09,10.63967323,0.3057259961,
10.83970213,4.173318798e-09,10.83964801,0.349107718,
11.03975415,4.126429681e-09,11.03964019,0.3903906086,
11.23783708,4.063094185e-09,11.2377851,0.4357039146,
11.4380281,3.859547791e-09,11.43794703,0.4632160148,
11.63606,3.431253146e-09,11.63600707,0.458904079,
11.85016108,3.45322865e-09,11.85008502,0.5044693385,
12.0403831,3.253414123e-09,12.04032707,0.522833406,
12.23234701,2.974410798e-09,12.23219705,0.5226543644,
12.47258615,2.996570173e-09,12.47252417,0.5698170188,
12.63648319,2.946367717e-09,12.63643217,0.5920094264,
12.84397101,2.57757789e-09,12.84392118,0.5353371249,
13.06272912,3.034711146e-12,13.06280613,0.001322729518,
13.23712206,2.993714639e-12,13.23718715,0.001396586515,
13.47263217,2.732682923e-12,13.47253609,0.001386369254,
13.63831806,2.641310533e-12,13.63822722,0.001414570564,
13.84584022,2.360614624e-12,13.84578323,0.001359197978,
14.04492903,2.22843174e-12,14.04500318,0.001356459821,
14.26980305,2.072149871e-12,14.26986122,0.00136824878,
14.43572211,1.844869285e-12,14.43565321,0.001315995922,
14.6439631,1.851575699e-12,14.64403915,0.001366025533,
14.84612322,1.634022944e-12,14.8460722,0.001302783478,
15.0483191,1.607572742e-12,15.04826903,0.001364946392,
15.27866316,1.672039426e-12,15.27860117,0.001425788243,
15.44323015,1.660741664e-12,15.44308615,0.001433437586,
15.645962,1.811987644e-12,15.64601922,0.001557579447,
15.84505606,1.925980092e-12,15.84511113,0.001636398685,
16.04577708,1.908883804e-12,16.04572415,0.001653429185,
16.27854514,1.991181347e-12,16.27846217,0.00174121655,
16.44545102,2.103524356e-12,16.44542122,0.001836781187,
16.64436007,2.066616954e-12,16.64444113,0.001806870745,
16.84346104,2.148038475e-12,16.8435142,0.001885848571,
17.07427311,2.22051404e-12,17.07422304,0.001958741585,
17.24486423,2.384866216e-12,17.24481416,0.002063920329,
17.44671011,2.385099863e-12,17.44677615,0.002062488577,
17.66891003,2.477311579e-12,17.66885614,0.002124091844,
17.84363723,2.440858108e-12,17.84355307,0.002095011821,
18.04857302,2.565205241e-12,18.04852009,0.002221647462,
18.25042605,2.643342215e-12,18.25047421,0.002303951616,
18.44946814,2.794184345e-12,18.44961619,0.002441801115,
18.67357302,2.959266502e-12,18.67366719,0.002492038013,
18.84843922,3.081836182e-12,18.84840608,0.002585587051,
19.07283711,3.021896895e-12,19.07277107,0.002557336489,
19.25071311,3.25957736e-12,19.25067019,0.002778663071,
19.449296,3.105222578e-12,19.44934821,0.002594166654,
19.6505022,3.430397561e-12,19.65044904,0.002834336959,
19.84634614,3.601965189e-12,19.84629107,0.003020626216,
20.05375218,4.518678664e-12,20.0536952,0.003196278259,
20.24922705,4.573730962e-12,20.24917603,0.003259099484,
20.47767305,5.092375598e-12,20.47772717,0.003388253965,
20.64576221,2.571963435e-12,20.64581108,0.002585416897,
20.85030222,1.712798434e-12,20.85036707,0.002239384706,
21.04347205,1.295004217e-12,21.04352808,0.002094705369,
21.25244308,1.106665103e-12,21.252527,0.002048861736,
21.44725323,9.74322398e-13,21.44719005,0.002035431619,
21.64613509,8.32522986e-13,21.64621806,0.00190360883,
21.8448422,7.540140994e-13,21.84478712,0.001956463279,
22.07930708,7.067208293e-13,22.07919121,0.00206036556,
22.24827003,6.188133742e-13,22.24832201,0.00199014946,
22.44664717,5.655093548e-13,22.44659019,0.00193784625,
22.64682221,5.457194289e-13,22.64676118,0.002022137961,
22.84613514,5.290830711e-13,22.84608102,0.002121769632,
23.04500914,5.27004724e-13,23.04507518,0.002095977675,
23.24429202,5.31049869e-13,23.24437308,0.002096089889,
23.48237014,5.572110874e-13,23.48231506,0.002219354593,
23.64748502,5.254950495e-13,23.64757609,0.002158887908,
23.84893322,4.865798317e-13,23.84886003,0.002117240292,
24.07090306,4.656453066e-13,24.07084823,0.002131578552,
24.24790621,4.951137743e-13,24.24782801,0.002245235553,
24.47761321,4.983950434e-13,24.47766614,0.002372053137,
24.646559,4.250054016e-13,24.64664412,0.002131329501,
24.87584019,1.02983033e-11,24.87590814,0.0508361031,
25.04682803,1.911423976e-11,25.04672217,0.09890679972,
25.24315214,2.437501296e-11,25.24306011,0.1304362695,
25.45685816,3.02300507e-11,25.45680523,0.1658877486,
25.64893222,3.436208656e-11,25.648808,0.1960749013,
25.88247705,3.333299685e-11,25.88237119,0.1827160912,
26.04588819,4.355277806e-11,26.04583406,0.2083959395,
26.27853012,3.923233353e-11,26.27846909,0.1780315398,
26.44723916,4.358036513e-11,26.44718814,0.2008205976,
26.6557641,4.929736447e-11,26.65582108,0.2165204978,
26.84920907,5.576315053e-11,26.84915304,0.2381060523,
27.07947922,4.938486138e-11,27.0793891,0.2078898702,
27.27049518,4.790825146e-11,27.27040505,0.1994824503,
27.44045115,4.692421295e-11,27.4403801,0.2005608114,
27.64886117,5.482934464e-11,27.64877105,0.2399387298,
27.85253716,1.574876695e-12,27.85259008,0.007253460046,
28.07908106,1.204858333e-11,28.07902002,0.05663116093,
28.24740505,1.517855802e-12,28.24735403,0.006959645779,
28.45201921,1.337438923e-12,28.45191908,0.006253680197,
28.64758205,1.305371556e-12,28.64763808,0.006374232236,
28.86983013,1.30953097e-12,28.86988616,0.006299514992,
29.02207613,1.281494635e-12,29.02202606,0.006071681742,
29.23688006,1.144731028e-11,29.23682404,0.05500007917,
29.42305017,2.080002205e-11,29.42299819,0.1028522621,
29.61995411,3.518016634e-11,29.61989403,0.1501160532,
29.82201815,5.492570298e-11,29.82190514,0.1881833522,
30.02711105,6.942315215e-11,30.02705717,0.2322477281,
30.25775218,8.058983218e-11,30.25769615,0.249428754,
30.42257404,9.396168363e-11,30.42250109,0.2905436336,
30.66123319,8.976323603e-11,30.66117501,0.2732819649,
30.82099605,9.721011138e-11,30.82094407,0.2783711555,
31.03222418,1.107221125e-10,31.03227401,0.3047576102,
31.25809312,1.034091744e-10,31.25803208,0.2885375238,
31.49554801,1.31750983e-10,31.4953382,0.3385395722,
31.89500618,1.749080917e-10,31.89492917,0.3885417369,
32.29510307,2.389362601e-10,32.29504514,0.43854384,
32.69705415,2.845974696e-10,32.69729519,0.4885453633,
33.02294707,2.952740867e-10,33.02291322,0.4924604756,
33.23256111,3.243481685e-10,33.23248315,0.533669833,
33.40113115,3.548852352e-10,33.40118623,0.5836608017,
33.60950422,3.666836107e-10,33.60944414,0.5814524654,
33.86171603,5.094014838e-10,33.86165714,0.6133702215,
34.02314305,1.404504717e-09,34.02300501,0.5262252554,
34.220469,2.354195309e-09,34.22041416,0.3197959329,
34.4286561,4.340359068e-09,34.42871714,0.2935957075,
34.694978,1.10674497e-08,34.69501114,0.3436173683,
35.09560513,2.601976088e-08,35.09549713,0.3936425546,
35.49503708,5.32095452e-08,35.49507809,0.4436653998,
35.89495015,1.022761131e-07,35.89501119,0.4936910185,
36.29498506,1.776725622e-07,36.29516101,0.5437131245,
36.69508505,2.993406158e-07,36.69494915,0.5937395198,
37.01050115,4.182933899e-07,37.01044512,0.6166550728,
37.2951231,5.846849371e-07,37.29502702,0.6666650614,
37.6970222,8.101220887e-07,37.69674516,0.7166798149,
38.09711504,1.054423526e-06,38.09682417,0.7666873655,
38.49509406,1.356028221e-06,38.49502707,0.8166975772,
38.89705205,1.710925651e-06,38.89683414,0.8667079909,
39.29727912,2.101681328e-06,39.29688215,0.9167163633,
39.69707012,2.581370749e-06,39.69686103,0.9667280622,
40.09551811,3.124485367e-06,40.09542704,1.016739281,
40.49513316,3.667710109e-06,40.49499321,1.066745113,
40.89516211,4.300210315e-06,40.89509106,1.116754385,
41.29535317,4.904026247e-06,41.29518104,1.16675958,
41.69551611,5.565589274e-06,41.69537807,1.21676827,
42.09521723,6.218683459e-06,42.09507608,1.266774237,
42.49558401,6.988458736e-06,42.49549007,1.316783643,
42.89511609,7.75511869e-06,42.89522314,1.366790835,
43.29512119,8.48184566e-06,43.2950511,1.416803136,
43.69505215,9.238818296e-06,43.69496918,1.466813329,
44.0970161,1.003476804e-05,44.0968132,1.516824858,
44.49497414,1.096368477e-05,44.49507117,1.566839382,
44.89509201,1.18467855e-05,44.89515615,1.616852207,
45.29717112,1.271277675e-05,45.29685616,1.666861206,
45.6956141,1.358031673e-05,45.69551516,1.716877006,
46.0952332,1.445686173e-05,46.0950582,1.766894153,
46.42864203,4.601450616e-10,46.42872715,0.02669420467,
46.62821817,1.034974577e-11,46.62810516,0.0009932923796,
46.82467723,3.377871983e-10,46.8246181,0.004897957458,
47.03210211,3.361879644e-10,47.0321722,0.00504938361,
47.22877812,3.306320425e-10,47.22885823,0.004919245765,
47.4258182,3.521596661e-10,47.42576623,0.005201550482,
47.62865019,5.964801565e-12,47.62859106,0.0006969191877,
47.83006907,4.155302842e-12,47.83001208,0.0006001360438,
48.02994609,3.201907676e-12,48.02989316,0.0005495628606,
48.24961615,2.607252627e-12,48.24958706,0.0005177922235,
48.43208408,2.199953222e-12,48.43196511,0.0004962385305,
48.62927508,2.373860987e-12,48.62922716,0.000505183022,
48.82905221,2.396695924e-12,48.828933,0.0005089892505,
49.109586,9.537165515e-13,49.10953021,0.0004604858866,
49.29071522,8.170712793e-13,49.290663,0.0004390224522,
49.47852015,7.202093616e-13,49.47847223,0.0004226206592,
49.67606807,6.504848014e-13,49.676018,0.0004102512812,
49.87472606,5.849997416e-13,49.87466908,0.0003973802631,
50.07573318,5.394592147e-13,50.07580304,0.0003883009891,
50.27466416,4.929255517e-13,50.27460217,0.0003774198458,
50.4739821,4.508078493e-13,50.47403717,0.000366088525,
50.67384815,4.195399524e-13,50.67390108,0.0003568031509,
50.87488222,3.880343948e-13,50.874825,0.0003472174094,
51.07490611,3.627516274e-13,51.07484722,0.0003395610643,
51.2773912,3.429985292e-13,51.27744603,0.0003326702441,
51.47463703,3.253152008e-13,51.47457123,0.0003271503023,
51.70598221,1.770282354e-13,51.70592713,0.0002493531391,
51.91863704,1.768577765e-13,51.91869211,0.000251438732,
52.14030409,1.737976596e-13,52.20502305,0.0002526369729,
52.32461905,1.706822619e-13,52.32467318,0.0002537201308,
52.54715514,1.701791599e-13,52.50424218,0.0002570503373,
52.6895051,1.669658227e-13,52.68945003,0.0002582019232,
52.87441707,1.649196381e-13,52.87434411,0.0002598322351,
53.07621503,1.364798585e-13,53.07626915,0.000239481098,
53.27512503,1.409600087e-13,53.275069,0.0002464033702,
53.4780302,1.238520178e-13,53.47797513,0.0002337619309,
53.67374516,1.106388015e-13,53.67364907,0.0002251167903,
53.87516308,1.014299094e-13,53.87521911,0.0002192883083,
54.07480407,9.357674921e-14,54.07474208,0.0002141681329,
54.27479601,8.864103677e-14,54.27467704,0.0002146102505,
54.47191501,8.220578648e-14,54.47184801,0.0002116070501,
54.67512321,7.972984445e-14,54.67506504,0.0002082446224,
54.87729907,8.085354872e-14,54.87724519,0.000214777195,
55.07739615,8.047535397e-14,55.07734203,0.0002178018392,
55.27502108,8.281252517e-14,55.274966,0.0002230972609,
55.46696901,8.176830022e-14,55.46691513,0.0002241205095,
55.6716001,8.615557571e-14,55.67154312,0.0002354485129,
55.86880016,8.878053606e-14,55.8688612,0.000244741197,
56.06673622,9.059853165e-14,56.06683421,0.0002486396534,
56.26909518,9.242835601e-14,56.26914907,0.0002514447454,
56.46901822,9.567208815e-14,56.4689672,0.0002572229918,
56.6708672,9.700146655e-14,56.67093301,0.0002664639443,
56.91645718,4.572513562e-14,56.89934611,0.0002326654108,
57.108325,3.800913128e-14,57.10827112,0.0002139347385,
57.30697608,3.167892919e-14,57.30689907,0.0001995001919,
57.50550413,2.683821912e-14,57.50544,0.0001875191417,
57.70325422,2.524001112e-14,57.70315909,0.0001888522721,
57.9043932,2.359750079e-14,57.90421605,0.0001856737889,
58.10330701,2.374199093e-14,58.10321021,0.0001897631574,
58.30265617,2.212553845e-14,58.30250502,0.000187393123,
58.501055,2.076016451e-14,58.50100303,0.0001855530331,
58.70765305,1.958812552e-14,58.70249414,0.0001867912783,
58.89876914,1.877961259e-14,58.89869118,0.0001894032934,
59.0954082,1.797240152e-14,59.09548616,0.0001898452899,
59.29361415,1.776581289e-14,59.29366803,0.0001977416183,
59.49133921,1.722363595e-14,59.49139619,0.0002008992274,
59.68906212,1.965471592e-14,59.68900919,0.0002111983385,
59.8933351,2.020003042e-14,59.89324617,0.0002157656442,
60.09000015,2.017023906e-14,60.089921,0.0002245876068,
60.29184914,1.974424923e-14,60.29178405,0.0002294676275,
60.49470615,2.0186029e-14,60.49461722,0.0002378425046,
60.69430804,2.310523046e-14,60.69423914,0.0002522436888,
60.89651418,2.683643537e-14,60.8964622,0.0002681931591,
61.10141921,2.674234711e-14,61.10131621,0.0002734294937,
61.29607701,2.952429449e-14,61.29583001,0.0002898455436,
61.50074911,3.039395914e-14,61.50066519,0.000303882793,
61.70315218,4.915401318e-14,61.70308208,0.0003172831865,
61.90333605,1.261268741e-13,61.90311813,0.0003348631884,
62.10672116,1.82940799e-13,62.10654712,0.0002819067635,
62.31855321,2.730436325e-13,62.30912519,0.0003067153294,
62.50984907,5.210519267e-13,62.50979114,0.0003810428312,
62.7240572,8.825894133e-13,62.72399902,0.0004774721224,
62.92268419,1.246167412e-12,62.92275023,0.0005796075419,
63.12271118,1.447290711e-12,63.12266111,0.0006698782096,
63.32120705,1.782172535e-12,63.32115412,0.0008037519636,
63.51937819,7.640878148e-12,63.51932406,0.001190553292,
63.71791315,1.089643902e-11,63.71785903,0.001551144313,
63.91498208,1.442677908e-11,63.91491508,0.002088310584,
64.1136322,7.777839842e-11,64.11357021,0.00349739596,
64.28980017,1.655973148e-11,64.28974915,0.004662222357,
64.46614003,3.939321777e-10,64.46620703,0.007512618946,
64.66879916,1.530309011e-09,64.66873908,0.0105702024,
64.856179,7.456682448e-11,64.85612321,0.009550962735,
65.0412662,1.068790556e-08,65.04116511,0.0189823829,
65.24623823,1.882702842e-08,65.24618411,0.01963022158,
65.4467051,2.469301632e-07,65.44675303,0.07150262381,
65.69503522,2.472576692e-06,65.69509411,0.1238287017,
66.02550316,9.299011621e-09,66.02544403,0.02502444426,
66.29667902,2.716593834e-06,66.29643321,0.07677337901,
66.65103602,1.933883836e-08,66.65093803,0.03399407436,
66.8467052,1.858683365e-08,66.84664011,0.03512391199,
67.04670501,1.376027122e-08,67.04662919,0.03288228851,
67.26284623,1.323333847e-08,67.26298308,0.03389480937,
67.45772505,1.288015003e-08,67.45766211,0.03462435737,
67.64750123,1.298491584e-08,67.6474452,0.03686196153,
67.89502311,1.244084341e-06,67.89496112,0.08745903036,
68.29505205,2.471065229e-06,68.29516411,0.1381451714,
68.69693923,3.706266824e-06,68.69718909,0.1883383503,
69.0970962,4.965263117e-06,69.09686112,0.2388679419,
69.49503803,6.254508476e-06,69.49490523,0.2896669044,
69.89749217,7.59617499e-06,69.89738703,0.3404553564,
70.29494309,8.950341095e-06,70.29485917,0.3914207546,
70.6949482,1.031487514e-05,70.69488215,0.4427046405,
71.09705615,1.171727488e-05,71.09687519,0.4935610025,
71.4949441,1.314988762e-05,71.49500513,0.5450615362,
71.89514208,1.464489468e-05,71.89503622,0.5961301544,
72.29482722,1.617868362e-05,72.29488301,0.6469313219,
72.6597991,2.62353151e-08,72.65974116,0.08200308094,
72.87710619,2.488455351e-08,72.87716007,0.08685434562,
73.05009604,1.413392999e-10,73.05004215,0.003280126149,
73.25574112,4.123886455e-11,73.25580812,0.002480777038,
73.4531281,2.156504054e-11,73.45307803,0.002157834187,
73.65320015,1.529826209e-11,73.65315008,0.002022863652,
73.8274672,1.140103548e-11,73.82752204,0.001923761906,
73.99731207,5.591474866e-10,73.9972012,0.04996427691,
74.20138001,8.978019235e-10,74.201437,0.09881150658,
74.40195608,1.139819402e-09,74.40183806,0.1453377576,
74.63942814,8.602320772e-10,74.63936901,0.1215482153,
74.80259514,1.10999059e-09,74.80254722,0.1531414969,
75.04064918,1.022382206e-09,75.04074001,0.1653942632,
75.2370472,1.261500474e-09,75.23709702,0.1876511022,
75.4388082,1.554282145e-09,75.43875909,0.2237768261,
75.60355711,1.840042504e-09,75.60350013,0.2697700741,
75.80547905,1.796834843e-09,75.80540705,0.2899100134,
76.00763011,2.106241428e-09,76.00768614,0.3188454991,
76.20197916,2.221095946e-09,76.20185804,0.3409921379,
76.40491915,2.161050224e-09,76.40485501,0.3157202866,
76.6949861,4.571214964e-09,76.69504905,0.3657269814,
77.09499311,7.010650792e-09,77.09504914,0.4157371106,
77.496984,1.015724179e-08,77.49719119,0.4657489156,
77.89538407,1.291611852e-08,77.8952291,0.5157566371,
78.29523206,1.626861947e-08,78.29517007,0.5657726777,
78.6950841,1.935314622e-08,78.69496608,0.6157825746,
79.004457,5.48108034e-10,79.00436616,0.0180657125,
79.29724813,2.378925479e-09,79.29704905,0.0680718743,
79.69533014,4.293841851e-09,79.69524002,0.1180867728,
80.09540009,6.223443627e-09,80.09532118,0.1680925153,
80.40572119,3.611427049e-09,80.40566921,0.2125988694,
80.62920904,2.657477155e-09,80.62915802,0.2395502186,
80.80231714,3.354321163e-11,80.80226517,0.00464828142,
81.0047152,3.498806371e-10,81.00468421,0.05454700626,
81.20585012,4.934840702e-10,81.20590401,0.09484792231,
81.43053007,5.429174613e-10,81.43047714,0.128946003,
81.64064002,5.893547688e-10,81.6407032,0.1664694332,
81.80350614,5.634653702e-10,81.80345511,0.1783046497,
82.00732803,3.291381751e-10,82.0073781,0.1109281501,
82.21427608,3.750055564e-10,82.21416712,0.1475556842,
82.38179612,3.805912377e-10,82.38193011,0.1767058993,
82.57800102,3.15315937e-10,82.57790112,0.1692085324,
82.80858302,2.74872798e-10,82.80849314,0.169083741,
83.00283408,3.045568522e-10,83.00272107,0.2063362737,
83.20778608,2.561831487e-10,83.2077291,0.1821484035,
83.40965009,3.241275747e-10,83.40959406,0.2271431026,
83.58306217,4.192001617e-10,83.583004,0.2740947541,
83.78217411,4.927573134e-10,83.78211403,0.3136504261,
84.01572514,5.72759904e-10,84.01578021,0.3634895769,
84.21614408,6.747241572e-10,84.21602821,0.4132605611,
84.38926101,7.652833184e-10,84.38917303,0.4630538499,
84.59030819,8.517377317e-10,84.59036112,0.5119092918,
84.77839208,8.934305175e-10,84.77833414,0.5306457639,
84.98377514,8.765315998e-10,84.9837122,0.5254614381,
85.17833114,9.445900992e-10,85.17823219,0.5328416401,
85.37351704,1.151687779e-09,85.3735702,0.5661973644,
85.60104012,1.517583514e-09,85.6010921,0.615688134,
85.8124702,1.876809081e-09,85.81252503,0.6651079793,
86.00256205,2.132110767e-09,86.00246119,0.7095730474,
86.21704006,2.10644975e-09,86.21696019,0.6960726284,
86.38199019,2.151799578e-09,86.38189316,0.7323035965,
86.57754612,2.112712919e-09,86.57749009,0.744429808,
86.78419518,2.000604912e-09,86.78425217,0.7372625278,
86.98589516,1.757077054e-09,86.98584318,0.6751998687,
87.17684221,1.482222373e-09,87.17677021,0.629017288,
87.49513006,1.638343799e-09,87.49507117,0.6790225526,
87.7775712,1.492266074e-09,87.77751613,0.6345462957,
88.09538221,1.702867114e-09,88.09524012,0.6845531129,
88.49559522,1.879347552e-09,88.49546218,0.7345591007,
88.8953402,2.041786108e-09,88.89521003,0.7845669649,
89.29709506,2.325119538e-09,89.29676819,0.8345809559,
89.69518209,2.518806241e-09,89.6950841,0.8845862551,
90.09543204,2.707952214e-09,90.09532714,0.934596738,
90.4968462,6.001262783e-09,90.49645615,0.9846175091,
90.89690018,3.737906021e-08,90.89672518,1.03469058,
91.29710221,1.88114172e-07,91.29687905,1.084793977,
91.63092017,2.309321212e-09,91.63097405,0.005861545093,
91.8513062,4.249296306e-09,91.85124612,0.007573490351,
92.04555202,1.675710905e-09,92.04561019,0.006880111567,
92.25343013,1.133723994e-09,92.25349712,0.006222785716,
92.42552614,1.110568104e-08,92.42546606,0.05593815042,
92.63383317,2.24932684e-08,92.63376617,0.09363031814,
92.80105615,3.804121297e-08,92.80099916,0.1071876244,
93.0077002,5.031937937e-08,93.00764418,0.1047960255,
93.21019912,6.784436171e-09,93.21024919,0.01421881669,
93.41309023,7.909321678e-09,93.41299415,0.01842463643,
93.61075306,2.798708236e-08,93.61065221,0.06782524592,
93.83742404,7.996594407e-09,93.8373692,0.02055709228,
94.05875802,6.550166742e-09,94.05869818,0.01762989294,
94.19684315,2.48129801e-08,94.19677114,0.06623301797,
94.39199018,4.027699804e-08,94.39187002,0.1042671238,
94.64664912,1.750709914e-09,94.64657903,0.007385636363,
94.79822016,1.558760485e-09,94.7982831,0.006834790826,
95.00873613,4.862492334e-09,95.00868702,0.009865975863,
95.205688,6.130810053e-09,95.20561814,0.01047904557,
95.40065813,7.258759996e-09,95.400527,0.0117724456,
95.60563111,7.188266015e-09,95.60553217,0.01225271757,
95.81584811,6.545108883e-09,95.81579614,0.01221752824,
96.01497102,5.943314524e-09,96.01487517,0.01237428098,
96.20333505,4.80727577e-09,96.20328021,0.01194657843,
96.42258811,4.036111877e-09,96.42252302,0.0115202568,
96.59608006,3.586846833e-09,96.59602022,0.01178157179,
96.7975502,2.901780251e-09,96.79763818,0.01123741497,
96.98401403,2.690132769e-09,96.983953,0.0117520499,
97.17973208,2.20906006e-09,97.1796751,0.01144871198,
97.35010219,1.876552013e-09,97.35016823,0.01135439794,
97.55869412,1.664141057e-09,97.55859709,0.01172129206,
97.74918008,1.464014899e-09,97.74901509,0.01190351164,
97.94946218,1.193138264e-09,97.94928312,0.01140309691,
98.15159917,1.012112662e-09,98.15165401,0.01120445749,
98.34989619,9.348546289e-10,98.349931,0.01172238947,
98.55243111,7.752891413e-10,98.55222607,0.01126295312,
98.74474502,6.847378014e-10,98.74468017,0.01134169315,
98.95073318,6.316915647e-10,98.95067716,0.01184245211,
99.14672112,5.715554799e-10,99.14666009,0.01205058756,
99.34592414,4.711602255e-10,99.34597802,0.01120611427,
99.57070613,3.957810369e-10,99.57063603,0.01061168639,
99.75322318,2.415383433e-09,99.75316501,0.0605124093,
99.9754231,4.082680887e-09,99.97548509,0.1094078925,
100.1725602,5.501665448e-09,100.1725051,0.1585407294,
100.4093642,6.781881701e-09,100.409435,0.2081072817,
100.5947881,7.571419838e-09,100.594861,0.2457533567,
100.8124061,8.465510631e-09,100.8123441,0.2914649261,
100.9963372,9.283279285e-09,100.9964042,0.3413924174,
101.2040162,9.843262961e-09,101.2039161,0.3898041744,
101.41523,9.596853709e-09,101.4151261,0.412706168,
101.605211,9.488988337e-09,101.6051161,0.4493394561,
101.8095431,9.026460495e-09,101.809484,0.4675367599,
102.0071802,9.155655822e-09,102.0072191,0.5165864111,
102.2082341,9.219910492e-09,102.2081711,0.5590357942,
102.407454,9.141500641e-09,102.40734,0.582806334,
102.6004372,1.010542447e-08,102.6003792,0.6321513337,
102.8129172,1.068715667e-08,102.8129721,0.6806173172,
103.0094252,1.218705179e-08,103.0094771,0.725886198,
103.2031231,1.393423468e-08,103.203053,0.7755978815,
103.3905561,1.725768226e-08,103.3904881,0.8202992935,
103.5919821,1.931361968e-08,103.5918641,0.781258881,
103.796875,2.133269609e-08,103.7968211,0.7952781166,
104.0270932,2.358523369e-08,104.02704,0.8220538498,
104.1964571,2.447293662e-08,104.1963761,0.8008797053,
104.4949691,3.273855587e-08,104.495064,0.8508960837,
104.7977581,2.659208738e-08,104.7976782,0.7163168925,
105.0949552,3.293537923e-08,105.095031,0.7663255289,
105.4950511,3.996894336e-08,105.4949901,0.8163329483,
105.8951821,4.688462903e-08,105.8950431,0.8663419807,
106.2956471,5.427994796e-08,106.2955401,0.91635301,
106.6956451,6.122966805e-08,106.695544,0.9663616976,
107.09712,6.877900876e-08,107.0968211,1.016368355,
107.4952002,7.69759058e-08,107.4951272,1.066378061,
107.8951771,8.609474548e-08,107.8951461,1.116388846,
108.29514,9.46940459e-08,108.295078,1.166395129,
108.6008291,6.419870897e-08,108.600744,1.020157114,
108.867378,5.045026255e-08,108.8674321,1.024375827,
109.0716021,4.311771952e-08,109.0715511,1.054269522,
109.2763231,3.853309073e-08,109.2762692,1.092437449,
109.47141,3.079033607e-08,109.4713211,0.9228839519,
109.6776531,2.903550479e-08,109.6776061,0.9665431828,
109.8787651,2.807746185e-08,109.8787141,1.004711944,
110.0641811,2.637858951e-08,110.0641332,1.038133267,
110.2485492,2.560177999e-08,110.2486012,1.088063,
110.4469872,2.251438123e-08,110.4470422,0.9822242034,
110.696985,2.679928087e-08,110.6971741,1.032221718,
111.0948761,3.172420978e-08,111.09482,1.082219096,
111.4950242,3.58000676e-08,111.4949412,1.132218455,
111.897089,4.01322418e-08,111.8968902,1.182216534,
112.2949381,4.427485673e-08,112.2948592,1.23221532,
112.6955061,4.901690216e-08,112.6954122,1.282213856,
113.1034942,5.560612458e-08,113.1034212,1.332212315,
113.5086071,6.168826562e-08,113.508533,1.382210811,
113.9044511,7.030210134e-08,113.9044871,1.432210629,
114.305938,7.891619561e-08,114.3059981,1.482208472,
114.7068322,8.786486781e-08,114.7069361,1.532207625,
115.1017332,9.633975859e-08,115.1017952,1.58220673,
115.5049672,1.042087565e-07,115.5048862,1.632206905,
115.908025,1.114236221e-07,115.9079721,1.682207798,
116.3096511,1.178904574e-07,116.3095732,1.732210263,
116.7027452,1.236255691e-07,116.7028282,1.782214664,
117.1074421,1.282424901e-07,117.1073811,1.832219727,
117.5017931,1.342054552e-07,117.501739,1.882224596,
117.9006672,1.404906645e-07,117.9007232,1.93222829,
118.3073392,1.473422805e-07,118.307394,1.982232684,
118.7022002,1.535537995e-07,118.7022371,2.032238804,
119.1196792,1.598100886e-07,119.1196201,2.082243376,
119.4977791,1.6634796e-07,119.4978361,2.132249636,
119.9027381,1.728927545e-07,119.902637,2.18225276,
120.3351731,1.793839881e-07,120.3350682,2.232258945,
120.698379,1.874313859e-07,120.698349,2.282268004,
121.0993862,1.94558085e-07,121.0993042,2.33227349,
121.5055561,2.008897969e-07,121.5055041,2.382279483,
121.8953462,2.069787984e-07,121.8952901,2.432289754,
122.300143,2.142102229e-07,122.300091,2.482299183,
122.6989501,2.205654799e-07,122.6990051,2.53231081,
123.1024961,2.280480492e-07,123.1024342,2.582320016,
123.5085311,2.349775878e-07,123.508594,2.632333128,
123.8984971,2.426941682e-07,123.8984332,2.682340746,
124.2992001,2.510675215e-07,124.2992742,2.732348387,
124.700778,2.603012574e-07,124.7008362,2.782356386,
125.1002951,2.687781258e-07,125.1002381,2.832367083,
125.501435,2.766970469e-07,125.5014882,2.882379022,
125.9049401,2.895380516e-07,125.9048851,2.932393018,
126.2949212,3.446389434e-07,126.294862,2.982425906,
126.7255151,4.278889225e-07,126.7254212,3.032471058,
127.1067052,2.848249501e-09,127.1066451,0.01880239802,
127.3141501,2.592748172e-09,127.3140881,0.01589237508,
127.5199232,3.007008849e-09,127.5198641,0.01479128475,
127.7240162,3.838250172e-09,127.7239561,0.01418075789,
127.9288042,3.37973369e-09,127.9287481,0.01145200354,
128.1584961,3.580275134e-08,128.1340022,0.0622001191,
128.3445182,2.675699978e-07,128.3446031,0.09119131289,
128.550142,2.534498338e-06,128.5500832,0.1435077216,
128.8967822,1.206294895e-05,128.896718,0.1958405944,
129.2949131,3.901159025e-05,129.2948401,0.2482308187,
129.6949191,9.497806773e-05,129.6948652,0.3003921969,
130.09533,0.0001999558703,130.0952392,0.3527179956,
130.4950912,0.0003719463364,130.4949672,0.4050480916,
130.8952031,0.0005975197562,130.8950832,0.4566868894,
131.2951262,0.0008647919867,131.2950642,0.507856591,
131.694839,0.0011354147,131.6949391,0.5583996479,
132.0950592,0.001403635429,132.0949771,0.6087899272,
132.494935,0.00167058586,132.4949861,0.6590323973,
132.89519,0.001937535806,132.8951321,0.70965601,
133.2950921,0.002203667011,133.2949231,0.7599681671,
133.697031,0.002469067276,133.6967242,0.8105964983,
134.0971301,0.002732993215,134.0968401,0.8612102072,
134.4972091,0.002995130796,134.4968181,0.911978426,
134.8949032,0.00325607966,134.8948481,0.9626609059,
135.2950301,0.00351595428,135.295084,1.013482738,
135.6951962,0.003774638754,135.6951151,1.064086526,
136.0949631,0.004032059101,136.0950451,1.114508807,
136.4949782,0.0042880596,136.4950802,1.165103875,
136.894891,0.004543074364,136.8948352,1.215837818,
137.2949152,0.004797363988,137.2948442,1.266904943,
137.6951411,0.005050611413,137.69505,1.318114642,
138.0976741,0.005302974512,138.097424,1.368880757,
138.497164,0.005554638271,138.4969511,1.420190092,
138.8951061,0.005805451997,138.895174,1.470826643,
139.2950282,0.006055870168,139.2949731,1.522578856,
139.6948981,0.006306053867,139.6949551,1.573980035,
140.0951741,0.006555874213,140.0951011,1.625778039,
140.497087,0.006805506361,140.497473,1.677204471,
140.8951271,0.007054867749,140.8950851,1.729106165,
141.2948611,0.007304080728,141.2949231,1.780818171,
141.6949372,0.007553058817,141.6950452,1.832480298,
142.0976372,0.007801435447,142.097059,1.883717116,
142.495048,0.00805009371,142.4949622,1.9356402,
142.8954642,0.008298567412,142.8953862,1.986206083,
143.2951961,0.008546917429,143.295078,2.038505111,
143.6950972,0.008795089082,143.6949592,2.090241996,
144.097682,0.009042900157,144.0968661,2.142217245,
144.495018,0.009290561966,144.4951012,2.195574604,
144.8953011,0.009538136752,144.8951912,2.248832665,
145.2951741,0.009785635713,145.295027,2.301038491,
145.695333,0.0100330421,145.6952541,2.353048691,
146.0972571,0.0102804386,146.0970762,2.405882744,
146.4973171,0.01052752618,146.4970062,2.458823558,
146.8952632,0.01077458231,146.8951912,2.511952674,
147.295197,0.01102129043,147.2950821,2.56573846,
147.6952271,0.01126793399,147.6950722,2.619273623,
148.0955322,0.01151484531,148.0954292,2.672617402,
148.495229,0.01176206713,148.4953082,2.724003019,
148.895426,0.01200904191,148.895323,2.776351894,
149.2952821,0.01225604691,149.295155,2.830428242,
149.6949441,0.01250315837,149.6948891,2.884622163,
150.0957062,0.01275027556,150.0954752,2.937389736,
150.495609,0.01299746522,150.4955101,2.989134017,
150.895159,0.01324472442,150.8951051,3.042636942,
151.2971551,0.01349240203,151.2969,3.096037824,
151.6949651,0.01373998007,151.6950412,3.148538353,
152.095227,0.01398746704,152.0951531,3.201106052,
152.4968541,0.01423536344,152.497087,3.255646492,
152.8951461,0.01448304447,152.895076,3.310061022,
153.2950151,0.01473076989,153.2949331,3.364249293,
153.6949792,0.01497916682,153.6948941,3.416747604,
154.0953252,0.01522721927,154.0952351,3.470372331,
154.4949961,0.01547583007,154.4949312,3.523933124,
154.8950362,0.01572405995,154.895107,3.57740956,
155.2957561,0.01597217608,155.2956612,3.629846913,
155.6953201,0.01622133126,155.6952131,3.683676976,
156.095278,0.01646980474,156.0951872,3.737554104,
156.4952402,0.01671831227,156.4951251,3.790862384,
156.895287,0.01697448806,156.8953531,3.844621671,
157.295155,0.0173039978,157.2952242,3.899762072,
157.6950622,0.0177126518,157.6951292,3.954375623,
158.0952072,0.01822202931,158.0952692,4.008484007,
158.4951861,0.01880535751,158.4950762,4.062000339,
158.8973992,0.0195113552,158.8972111,4.11904919,
159.2971501,0.02035343476,159.296869,4.172203431,
159.6971631,0.02127949234,159.6969061,4.226535451,
160.0969772,0.02237607509,160.097187,4.282709089,
160.4480591,3.123234259e-06,160.447998,3.838697823,
160.645251,1.16115844e-10,160.6453052,0.01398870921,
160.8163991,1.336566539e-08,160.8164752,0.05820939959,
161.0157552,9.569041552e-09,161.0158272,0.07591394086,
161.2202792,7.329479585e-09,161.2201872,0.08917244581,
161.4951432,8.451419996e-07,161.4952302,0.1407799802,
161.8950131,3.229197064e-06,161.8949552,0.1910990472,
162.2215781,4.455936866e-09,162.2216501,0.01741274732,
162.4311812,5.311040355e-09,162.4311292,0.01761965562,
162.622262,5.695478184e-09,162.6222091,0.01783497374,
162.8311722,5.936649392e-09,162.8311172,0.0179422948,
162.9977162,6.12653945e-09,162.9976621,0.01796181386,
163.1935921,6.404068171e-09,163.1937032,0.0181090752,
163.3922901,6.703254679e-09,163.3922291,0.01838890465,
163.593786,6.854121087e-09,163.5937071,0.01862947223,
163.8069272,6.990360525e-09,163.8067882,0.01890999708,
163.9952722,7.184452082e-09,163.9951832,0.01951231563,
164.2150242,7.641252593e-09,164.2150722,0.02011306192,
164.4040921,8.160588523e-09,164.4040301,0.02048218644,
164.6178811,8.579215413e-09,164.617943,0.02103901988,
164.7940481,9.342570175e-09,164.7939601,0.02217215707,
165.0205822,9.724664589e-09,165.0205312,0.02270512064,
165.2329972,1.021290432e-08,165.2330692,0.02352231165,
165.3938072,1.075760032e-08,165.393857,0.02449038446,
165.593384,1.122711567e-08,165.5934381,0.02551174937,
165.7977562,1.168398967e-08,165.7976482,0.02660363809,
166.0224681,1.185166124e-08,166.0224102,0.02717456777,
166.204864,1.21084278e-08,166.2049282,0.02806112979,
166.4114931,1.269788138e-08,166.4114051,0.02979959614,
166.6255591,1.288160429e-08,166.625499,0.0308497395,
166.8199632,1.289220337e-08,166.8199041,0.03167231374,
167.0337362,1.307216603e-08,167.033782,0.03287162878,
167.226824,1.354243698e-08,167.2268791,0.03473097531,
167.4309521,1.369419564e-08,167.430886,0.03604452789,
167.6198351,1.318772533e-08,167.6197832,0.03644700596,
167.8215482,1.155729707e-08,167.8214922,0.0370253755,
168.0953081,2.330827534e-06,168.0951312,0.08821872697,
168.4950511,4.679326845e-06,168.4949362,0.1393490876,
168.894917,7.511140613e-06,168.895015,0.190513836,
169.2948442,1.158870298e-05,169.2947912,0.2416601969,
169.6766372,4.514099297e-08,169.6765831,0.07072369954,
169.8718462,3.511702839e-08,169.8717902,0.05982767488,
170.0951171,1.267218431e-06,170.0950031,0.1105598791,
170.494925,2.408824049e-06,170.4948871,0.1614788627,
170.8949292,4.209963342e-06,170.8948722,0.2123556729,
171.2740531,2.222993639e-07,171.2739902,0.2048684554,
171.4951,3.594312764e-06,171.4952071,0.2567760417,
171.8948581,1.480488725e-05,171.8949301,0.3073007082,
172.2950261,3.140370371e-05,172.2949731,0.3566660237,
172.695158,5.26401013e-05,172.6949751,0.4059448164,
173.0948932,7.872670134e-05,173.0948291,0.4552606834,
173.4979751,0.0001070715466,173.497581,0.5045128394,
173.8949361,0.0001366104991,173.894875,0.5533829738,
174.2971382,0.0001666764494,174.2969081,0.6023842711,
174.6950452,0.0001968548498,174.6951091,0.6514492116,
175.0951631,0.0002276528551,175.0950391,0.7003131772,
175.497226,0.0002591686132,175.4970241,0.7498950354,
175.8972731,0.0002912421722,175.8970711,0.7992256718,
176.2948921,0.0003240867545,176.2948332,0.8487321225,
176.6949801,0.0003565956436,176.6949222,0.8980037335,
177.095196,0.0003892882669,177.0951221,0.9472955291,
177.4949751,0.0004219006144,177.4948821,0.996665441,
177.8948691,0.0004547373125,177.8949411,1.046200627,
178.2950592,0.0004880820437,178.2949381,1.095837231,
178.6973951,0.0005216186242,178.6974461,1.145550623,
179.0985451,0.0005556584674,179.0984881,1.195309409,
179.4981642,0.0005903033726,179.4981022,1.244996252,
179.8978631,0.0006255659742,179.8978112,1.294738208,
180.2949431,0.0006606793131,180.2948942,1.344651804,
180.6948411,0.0006956819283,180.6947651,1.394482965,
181.100739,0.0007304528925,181.100687,1.444378199,
181.4948971,0.0007653119627,181.4948452,1.494353184,
181.895097,0.0008006760348,181.895045,1.544361759,
182.2948701,0.0008365399879,182.2948182,1.59441122,
182.694864,0.0008721904749,182.694813,1.644458053,
183.0954032,0.000907343942,183.0953541,1.694532523,
183.498841,0.0009424753213,183.498764,1.744684043,
183.8948171,0.0009778832998,183.8948741,1.794954559,
184.2950821,0.001014488632,184.2949841,1.845269796,
184.6948361,0.001050776305,184.6948931,1.895607311,
185.103543,0.001087486387,185.1034791,1.945911656,
185.5166061,0.001122628136,185.5166991,1.996390832,
185.8948462,0.001157422023,185.8947642,2.04701957,
186.290832,2.483217373e-06,186.2907321,0.2075339767,
186.4950621,2.267106077e-05,186.494925,0.2582895503,
186.8948722,3.831249298e-05,186.8948121,0.308886193,
187.2948792,5.01796488e-05,187.2947941,0.3596333176,
187.694911,6.004430577e-05,187.6948302,0.410287331,
188.0951462,7.147466085e-05,188.0950861,0.4610711945,
188.4950392,9.180019573e-05,188.4949751,0.5119176246,
188.8951721,0.0001284416224,188.895056,0.5626687163,
189.294831,0.0001913190362,189.2948852,0.6133514641,
189.6951091,0.0003612383442,189.6950541,0.6655213652,
190.095005,0.0006189100349,190.0949252,0.7166264076,
190.4973741,0.0009067662983,190.4975731,0.7666327981,
190.897191,0.001210443091,190.8969891,0.8165104242,
191.2952182,0.001520775089,191.295145,0.8664250079,
191.6952202,0.001840252361,191.695153,0.9163510746,
192.0971222,0.002165911685,192.0968952,0.9662339075,
192.4971762,0.002494724468,192.4969871,1.016200062,
192.8953941,0.002824927075,192.8952761,1.066225421,
193.2955821,0.003155558816,193.2957141,1.116314941,
193.6952581,0.00348778391,193.6953132,1.166544121,
194.0949631,0.00382157075,194.0950541,1.216889814,
194.497154,0.004157977091,194.4969292,1.267291257,
194.8972521,0.004497308908,194.8970101,1.317873422,
195.297019,0.004837056087,195.296803,1.368606057,
195.6970861,0.00517725198,195.6968141,1.419328705,
196.0951681,0.005518179495,196.0951161,1.47026844,
196.494956,0.005859831649,196.4948602,1.521332555,
196.8949952,0.006201131223,196.8948891,1.572328044,
197.2720051,1.452477775e-05,197.27195,0.5191836155,
197.465353,2.016435514e-05,197.4652722,0.5234775261,
197.6619501,1.975971279e-05,197.6618552,0.5241545397,
197.8830371,1.750289755e-05,197.8829451,0.5256500433,
198.0600641,1.735374805e-05,198.0600071,0.5272492859,
198.258002,1.506603607e-05,198.2580822,0.525913431,
198.483252,1.509921593e-05,198.4831941,0.5283263373,
198.6856251,1.333905329e-05,198.6855521,0.5300014786,
198.8882802,1.332574467e-05,198.8881991,0.5326594773,
199.0876162,1.194801868e-05,199.087507,0.534777102,
199.2929921,1.296720132e-05,199.2928951,0.5340931665,
199.4883561,9.478479595e-06,199.488301,0.5365879142,
199.6879461,1.067415465e-05,199.6878932,0.5421260586,
199.889914,9.604627225e-06,199.889817,0.5459267844,
200.0949271,0.0003280395376,200.094871,0.5981560751,
200.4950302,0.0006458713699,200.4948702,0.6495884619,
200.8952112,0.0009649305786,200.8951051,0.7021899954,
201.308202,0.001283815722,201.3081431,0.7558519418,
201.6948822,0.001602000699,201.694828,0.807966648,
202.0948961,0.001920742433,202.0948431,0.8606614754,
202.4948061,0.00223995414,202.4948592,0.9128082532,
202.8949831,0.002558269789,202.8950422,0.9644403892,
203.2950692,0.002876648595,203.2949741,1.017083651,
203.6948242,0.003196628765,203.6947682,1.06976174,
204.094944,0.003517002747,204.0948892,1.123467589,
204.5032902,0.003839510213,204.5032401,1.176830757,
204.8948441,0.004161358864,204.8947892,1.229507522,
205.294888,0.004483471576,205.2948301,1.281863395,
205.6951001,0.004805777427,205.6950452,1.33587082,
206.0948682,0.005128801859,206.0947671,1.388924324,
206.494889,0.005452914295,206.494837,1.441645982,
206.8948832,0.00577557341,206.894824,1.49420889,
207.2948031,0.006098348264,207.2947531,1.546532371,
207.6950042,0.006421871602,207.6949301,1.599558494,
208.0951252,0.006745729744,208.095062,1.653472888,
208.4949312,0.007070779985,208.4948452,1.70613308,
208.8949091,0.007394903337,208.8948531,1.76047258,
209.2948232,0.007719064185,209.294873,1.814111604,
209.6951461,0.008042726507,209.6949792,1.868331158,
210.0949452,0.008366381447,210.0948851,1.921545703,
210.495208,0.00869270404,210.4951341,1.975786209,
210.8948102,0.009017792604,210.8947532,2.029190701,
211.313596,0.009342278379,211.3135402,2.084668158,
211.6948171,0.009666138326,211.694761,2.137804272,
212.1197052,0.009990662375,212.1197641,2.192989663,
212.4949682,0.01031438546,212.494884,2.246400229,
212.894937,0.01063785844,212.8948681,2.299418839,
213.3023961,0.01096119183,213.3024492,2.352471907,
213.694921,0.01128438589,213.6948712,2.405559435,
214.0949221,0.0116074409,214.0948682,2.458681421,
214.49494,0.01193035714,214.4948821,2.511837865,
214.9119601,0.01225313489,214.9119072,2.565028766,
215.2948511,0.01257577445,215.294903,2.618254126,
215.6958461,0.01289827613,215.695775,2.671513942,
216.0949502,0.01322064024,216.0950131,2.724808216,
216.4984961,0.01354286709,216.4984362,2.778136947,
216.8898692,4.268943806e-05,216.8898132,1.793019434,
217.0813692,3.385961621e-05,217.0813122,1.72062123,
217.2948701,0.0002321125463,217.294811,1.772589284,
217.694921,0.0004301209632,217.6948102,1.824584829,
218.115025,0.0006278849995,218.1149521,1.876607863,
218.494909,0.0008254047945,218.4949601,1.928658387,
218.8949232,0.001022680495,218.8948061,1.980736401,
219.2988691,0.001219712254,219.2988062,2.032841904,
219.6948822,0.001416500233,219.6948102,2.084974896,
220.098742,0.001613044599,220.0986841,2.137135377,
220.4856472,3.74017882e-05,220.4855862,1.791612634,
220.6949232,0.0002289885449,220.694869,1.843798184,
221.0970442,0.0004203384693,221.0969892,1.896010804,
221.4948242,0.0006114516908,221.494765,1.948250496,
221.8899891,3.802046186e-05,221.8900492,1.813484472,
222.0948472,0.0002255322055,222.0947962,1.865760688,
222.499917,0.0004128120191,222.4998672,1.918063819,
222.8948021,0.0005998600297,222.894834,1.970393865,
223.2950492,0.0007866763713,223.2949882,2.022750825,
223.6977422,0.0009732611847,223.6976912,2.075134701,
224.0866871,3.47212971e-05,224.0866351,1.876988596,
224.295006,0.0002169886056,224.2950561,1.929394728,
224.6948311,0.0003990286569,224.6947792,1.981827483,
225.0958002,0.000580841577,225.095716,2.034286859,
225.4948461,0.0007624274988,225.4949052,2.086772856,
225.8921032,3.030047637e-05,225.8921571,1.906833684,
226.0950172,0.0002088693852,226.094959,1.959356211,
226.494863,0.0003872164433,226.494801,2.011905178,
226.8856151,3.381320766e-05,226.885679,1.928153665,
227.0949631,0.0002089695534,227.0948031,1.980735995,
227.496201,0.0003839077613,227.496052,2.033344659,
227.8948312,0.0005586279527,227.8949051,2.085979657,
228.2948091,0.0007331302557,228.2948761,2.138640987,
228.6932142,3.623069308e-05,228.693161,1.973320198,
228.8949051,0.0002069823445,228.8948312,2.026006881,
229.294908,0.0003775207686,229.2948532,2.078719703,
229.6950412,0.0005478460849,229.6949821,2.131458664,
230.094923,0.0007179584198,230.0948012,2.184223763,
230.497447,0.0008878579065,230.4973891,2.237015001,
230.8867571,3.14794569e-05,230.886811,2.005241871,
231.094882,0.0001984691547,231.0948272,2.058067578,
231.494812,0.0003652521654,231.4948761,2.110919248,
231.8947942,0.0005318286036,231.8948772,2.163796881,
232.2948921,0.000698198591,232.2948401,2.216700476,
232.7593911,3.0341566e-05,232.75914,2.056605955,
232.8949611,0.0001937389811,232.8949082,2.109536173,
233.2948461,0.000356933885,233.2949011,2.162492165,
233.7026601,0.0005199263905,233.7026041,2.215473931,
234.0861542,3.19952709e-05,234.086097,2.118499007,
234.2949252,0.0001915081867,234.2949791,2.17149633,
234.694936,0.0003508213213,234.694874,2.224519228,
235.0951521,0.0005099347877,235.0952251,2.2775677,
235.4958391,2.997993462e-05,235.4957831,2.130452661,
235.6948612,0.0001869793413,235.6949232,2.18353957,
236.1000221,0.0003437838764,236.099956,2.236651973,
236.4950192,0.0005003936491,236.4950812,2.28978987,
236.8969111,0.0006568087759,236.8969672,2.34295326,
237.294888,0.0008130293794,237.2947872,2.396142144,
237.6961401,2.731212524e-05,237.6958921,2.206190304,
237.894881,0.0001810026719,237.8948252,2.259402294,
238.2982991,2.964023321e-05,238.2980821,2.226201137,
238.494848,0.000181015819,238.4947922,2.279442916,
238.903208,0.0003322026988,238.9031532,2.332709895,
239.296,0.0004832009797,239.2959452,2.386002074,
239.7006042,0.0006340107754,239.700546,2.439319452,
240.0917852,2.959234863e-05,240.0917311,2.260614824,
240.2948802,0.0001783758928,240.2948081,2.313966262,
240.695013,0.0003269754719,240.6949561,2.367342785,
241.0949192,0.0004753911895,241.0948482,2.420744393,
241.494801,0.0006236231561,241.494874,2.474171085,
241.887114,2.638992501e-05,241.8870201,2.320481138,
242.094913,0.0001723807814,242.0948582,2.373932891,
242.5226011,0.0003181911958,242.5225492,2.427409564,
242.8948312,0.0004638212701,242.8949142,2.480911155,
243.2908342,2.593822419e-05,243.2907751,2.407554262,
243.4948492,0.0001685896608,243.4949021,2.461059463,
243.8876941,2.571992693e-05,243.88764,2.408387837,
244.0949111,0.0001672798506,244.0948491,2.461935773,
244.494827,0.0003086634389,244.494879,2.515508362,
244.8948102,0.0004498707925,244.8948641,2.569105603,
245.2948081,0.0005909020188,245.2948611,2.622727496,
245.687993,2.422437534e-05,245.6879361,2.463368553,
245.8950791,0.0001633828177,245.8950281,2.517018623,
246.2949011,0.0003023685668,246.2948432,2.570693209,
246.6882832,2.480437729e-05,246.6882312,2.483657529,
246.8949621,0.0001622374363,246.8948412,2.537366552,
247.2948241,0.0002995006621,247.2947602,2.591100038,
247.6948161,0.0004365941512,247.6949072,2.644857987,
248.094835,0.0005735180068,248.0947812,2.698640398,
248.498625,2.757798284e-05,248.4986851,2.601498474,
248.6947901,0.0001608585281,248.6948881,2.655264111,
249.09533,0.0002939712517,249.0952752,2.709053901,
249.4948351,0.0004269162516,249.4948921,2.762867845,
249.8970511,2.113153816e-05,249.8969982,2.590017554,
250.094892,0.0001531877316,250.094841,2.643877067,
250.4957392,0.0002850807552,250.495702,2.697760715,
250.8948352,0.000416810702,250.8947852,2.751668497,
